"","baseMean","log2FoldChange","lfcSE","stat","pvalue","padj","contrast","gene_id"
"1",215.550748608599,-1.01163738034509,0.252269249588483,-4.01014940186063,6.06803403009857e-05,0.00704566173494778,"27_vs_31","Pocillopora_acuta_HIv1_PredGene_g11869.t1"
"2",223.790597573914,-1.21266080002247,0.280571264909498,-4.32211331553727,1.54541777829761e-05,0.00227997841486765,"27_vs_31","Pocillopora_acuta_HIv1_PredGene_g27024.t1"
"3",173.176369083467,-25.0067198564813,3.38345875441324,-7.39087474433185,1.4586597993574e-13,1.52429949032849e-10,"27_vs_31","Pocillopora_acuta_HIv1_PredGene_g14042.t1"
"4",266.3977250072,-2.20888506534892,0.392944937923043,-5.62136027766191,1.89459695615857e-08,9.89926909592854e-06,"27_vs_31","Pocillopora_acuta_HIv1_PredGene_g11870.t1"
